{
  "name": "golden_alpha",
  "signature": {
    "correlation_dim": 0.7444870842302768,
    "total_path_length": 13.830862045288086,
    "mean_step_norm": 0.5532344579696655,
    "step_norm_std": 0.2756226062774658,
    "dispersion": 1.6334036588668823,
    "displacement": 6.633739471435547,
    "tortuosity": 2.0849269261843766,
    "mean_curvature": 1.4825319051742554,
    "recurrence_rate": 0.0
  },
  "test_accuracy": 0.944,
  "hparams": null,
  "source_trajectory": null,
  "notes": "Opaque-name ablation of v2 Sprint 4. Same signature as the Sprint 3 golden; no hparam or path leak."
}