{
  "config": {
    "mode": "FULL",
    "n_tasks": 5,
    "classes_per_task": 10,
    "samples_per_class": 300,
    "n_epochs_per_task": 5,
    "batch_size": 64,
    "lr": 0.001,
    "device": "cpu"
  },
  "results": {
    "naive_sequential": {
      "per_stage": [
        [
          0.553,
          0.137,
          0.116,
          0.059,
          0.104
        ],
        [
          0.184,
          0.5,
          0.134,
          0.115,
          0.029
        ],
        [
          0.188,
          0.12,
          0.556,
          0.111,
          0.066
        ],
        [
          0.042,
          0.128,
          0.157,
          0.474,
          0.068
        ],
        [
          0.116,
          0.083,
          0.101,
          0.06,
          0.584
        ]
      ],
      "metrics": {
        "AA": 0.1888,
        "F": 0.43700000000000006,
        "final_accs_per_task": [
          0.116,
          0.083,
          0.101,
          0.06,
          0.584
        ],
        "task0_when_learned": 0.553,
        "task0_after_all": 0.116,
        "n_stages": 5
      }
    },
    "experience_replay": {
      "per_stage": [
        [
          0.553,
          0.137,
          0.116,
          0.059,
          0.104
        ],
        [
          0.246,
          0.53,
          0.127,
          0.11,
          0.053
        ],
        [
          0.286,
          0.216,
          0.508,
          0.089,
          0.083
        ],
        [
          0.099,
          0.181,
          0.19,
          0.48,
          0.059
        ],
        [
          0.192,
          0.146,
          0.161,
          0.125,
          0.583
        ]
      ],
      "metrics": {
        "AA": 0.24139999999999998,
        "F": 0.36100000000000004,
        "final_accs_per_task": [
          0.192,
          0.146,
          0.161,
          0.125,
          0.583
        ],
        "task0_when_learned": 0.553,
        "task0_after_all": 0.192,
        "n_stages": 5
      }
    },
    "fractaltrainer": {
      "per_stage": [
        [
          0.508,
          0.1,
          0.1,
          0.1,
          0.1
        ],
        [
          0.308,
          0.251,
          0.0,
          0.0,
          0.0
        ],
        [
          0.235,
          0.163,
          0.173,
          0.0,
          0.0
        ],
        [
          0.231,
          0.149,
          0.136,
          0.076,
          0.0
        ],
        [
          0.204,
          0.122,
          0.112,
          0.043,
          0.174
        ]
      ],
      "metrics": {
        "AA": 0.13099999999999998,
        "F": 0.30400000000000005,
        "final_accs_per_task": [
          0.204,
          0.122,
          0.112,
          0.043,
          0.174
        ],
        "task0_when_learned": 0.508,
        "task0_after_all": 0.204,
        "n_stages": 5
      }
    },
    "joint_train": {
      "per_stage": [
        [
          0.39,
          0.29,
          0.269,
          0.247,
          0.443
        ]
      ],
      "metrics": {
        "AA": 0.3278,
        "F": 0.0,
        "final_accs_per_task": [
          0.39,
          0.29,
          0.269,
          0.247,
          0.443
        ],
        "n_stages": 1
      }
    }
  }
}