{
  "config": {
    "mode": "SMOKE",
    "n_way": 5,
    "k_shot": 5,
    "n_query": 15,
    "n_seed_episodes": 20,
    "n_test_episodes": 10,
    "context_k": 3,
    "spawn_steps": 200,
    "protonet_iters": 500,
    "probe_size": 100,
    "sig_dim": 500,
    "device": "cuda",
    "git_head": "7fbb322 Fix: gather_context hardcoded .cpu() broke on GPU (caught by Sprint 19b)"
  },
  "summary": {
    "pixel_knn": {
      "mean": 0.6786666810512543,
      "std": 0.08314912987628237,
      "n": 10,
      "accs": [
        0.5600000023841858,
        0.6666666865348816,
        0.8133333325386047,
        0.7066667079925537,
        0.5733333230018616,
        0.7733333706855774,
        0.6533333659172058,
        0.6933333277702332,
        0.5866667032241821,
        0.7599999904632568
      ]
    },
    "protonets": {
      "mean": 0.8226666808128357,
      "std": 0.07844034671827449,
      "n": 10,
      "accs": [
        0.7066667079925537,
        0.7599999904632568,
        0.8799999952316284,
        0.8266667127609253,
        0.8666666746139526,
        0.9066666960716248,
        0.746666669845581,
        0.9333333373069763,
        0.7200000286102295,
        0.8799999952316284
      ]
    },
    "fractal": {
      "mean": 0.7066666841506958,
      "std": 0.08411632922302625,
      "n": 10,
      "accs": [
        0.6133333444595337,
        0.7733333706855774,
        0.746666669845581,
        0.7866666913032532,
        0.5733333230018616,
        0.746666669845581,
        0.7333333492279053,
        0.6800000071525574,
        0.5866667032241821,
        0.8266667127609253
      ]
    },
    "fractal_no_ctx": {
      "mean": 0.6520000159740448,
      "std": 0.11066667365740654,
      "n": 10,
      "accs": [
        0.4399999976158142,
        0.746666669845581,
        0.7333333492279053,
        0.800000011920929,
        0.54666668176651,
        0.7200000286102295,
        0.6666666865348816,
        0.6533333659172058,
        0.5066666603088379,
        0.7066667079925537
      ]
    }
  },
  "tests": {
    "fractal_vs_protonets": {
      "delta": -0.11599999666213989,
      "welch_t": -3.0256928303306596,
      "welch_p": 0.007296739168621099
    },
    "fractal_vs_pixel_knn": {
      "delta": 0.028000003099441506,
      "welch_t": 0.710200223392417,
      "welch_p": 0.48668130069790116
    },
    "fractal_vs_fractal_no_ctx": {
      "delta": 0.054666668176651,
      "welch_t": 1.1798051761481883,
      "welch_p": 0.2545181226979641
    },
    "protonets_vs_pixel_knn": {
      "delta": 0.1439999997615814,
      "welch_t": 3.7792128661717017,
      "welch_p": 0.001380502553160928
    }
  }
}