{
  "config": {
    "mode": "SMOKE",
    "n_way": 5,
    "k_shot": 5,
    "n_query": 15,
    "n_seed_episodes": 20,
    "n_test_episodes": 10,
    "spawn_steps": 100,
    "protonet_iters": 500,
    "context_k": 3,
    "probe_size": 100,
    "device": "cpu"
  },
  "summary": {
    "pixel_knn": {
      "mean": 0.7133333384990692,
      "std": 0.07916228991674022,
      "n": 10,
      "accs": [
        0.7333333492279053,
        0.6800000071525574,
        0.746666669845581,
        0.800000011920929,
        0.7599999904632568,
        0.6933333277702332,
        0.5733333230018616,
        0.7866666913032532,
        0.5733333230018616,
        0.7866666913032532
      ]
    },
    "protonets": {
      "mean": 0.828000009059906,
      "std": 0.08185623982659403,
      "n": 10,
      "accs": [
        0.800000011920929,
        0.6800000071525574,
        0.9333333373069763,
        0.800000011920929,
        0.8799999952316284,
        0.9333333373069763,
        0.800000011920929,
        0.8266666531562805,
        0.9066666960716248,
        0.7200000286102295
      ]
    },
    "fractal_vanilla": {
      "mean": 0.7240000009536743,
      "std": 0.07328483217725477,
      "n": 10,
      "accs": [
        0.8533333539962769,
        0.6000000238418579,
        0.746666669845581,
        0.7733333110809326,
        0.6666666865348816,
        0.800000011920929,
        0.6933333277702332,
        0.7066666483879089,
        0.6399999856948853,
        0.7599999904632568
      ]
    },
    "fractal_vanilla_noctx": {
      "mean": 0.682666665315628,
      "std": 0.0892038816018039,
      "n": 10,
      "accs": [
        0.8133333325386047,
        0.6000000238418579,
        0.800000011920929,
        0.6933333277702332,
        0.6933333277702332,
        0.7599999904632568,
        0.5733333230018616,
        0.653333306312561,
        0.5333333611488342,
        0.7066666483879089
      ]
    },
    "fractal_hybrid": {
      "mean": 0.7493333339691162,
      "std": 0.052255781532213226,
      "n": 10,
      "accs": [
        0.7866666913032532,
        0.653333306312561,
        0.8266666531562805,
        0.7333333492279053,
        0.7599999904632568,
        0.7733333110809326,
        0.6666666865348816,
        0.800000011920929,
        0.7599999904632568,
        0.7333333492279053
      ]
    },
    "fractal_hybrid_noctx": {
      "mean": 0.7306666731834411,
      "std": 0.06871519545137589,
      "n": 10,
      "accs": [
        0.7866666913032532,
        0.6133333444595337,
        0.7866666913032532,
        0.6933333277702332,
        0.800000011920929,
        0.7866666913032532,
        0.6133333444595337,
        0.7733333110809326,
        0.6933333277702332,
        0.7599999904632568
      ]
    }
  },
  "tests": {
    "fractal_hybrid_vs_protonets": {
      "delta": -0.07866667509078984,
      "welch_t": -2.4301362744988237,
      "welch_p": 0.027846701755122164
    },
    "fractal_hybrid_vs_fractal_vanilla": {
      "delta": 0.025333333015441828,
      "welch_t": 0.8443749409603349,
      "welch_p": 0.4107027893787214
    },
    "fractal_hybrid_vs_fractal_hybrid_noctx": {
      "delta": 0.018666660785675027,
      "welch_t": 0.6486919469875456,
      "welch_p": 0.5253059605298824
    },
    "fractal_vanilla_vs_fractal_vanilla_noctx": {
      "delta": 0.04133333563804631,
      "welch_t": 1.0740864347927281,
      "welch_p": 0.29749841843988206
    },
    "protonets_vs_pixel_knn": {
      "delta": 0.11466667056083679,
      "welch_t": 3.020903302325425,
      "welch_p": 0.007350435017004397
    }
  }
}