{
  "config": {
    "mode": "FULL",
    "n_way": 5,
    "k_shot": 5,
    "n_query": 15,
    "n_seed_episodes": 200,
    "n_test_episodes": 100,
    "context_k": 3,
    "spawn_steps": 200,
    "protonet_iters": 3000,
    "probe_size": 100,
    "sig_dim": 500,
    "device": "cuda",
    "git_head": "7fbb322 Fix: gather_context hardcoded .cpu() broke on GPU (caught by Sprint 19b)"
  },
  "summary": {
    "pixel_knn": {
      "mean": 0.6656000140309334,
      "std": 0.09408611163715556,
      "n": 100,
      "accs": [
        0.5600000023841858,
        0.6666666865348816,
        0.8133333325386047,
        0.7066667079925537,
        0.5733333230018616,
        0.7733333706855774,
        0.6533333659172058,
        0.6933333277702332,
        0.5866667032241821,
        0.7599999904632568,
        0.6133333444595337,
        0.6666666865348816,
        0.6666666865348816,
        0.6000000238418579,
        0.7200000286102295,
        0.7066667079925537,
        0.800000011920929,
        0.6266666650772095,
        0.7200000286102295,
        0.800000011920929,
        0.6666666865348816,
        0.6399999856948853,
        0.5333333611488342,
        0.7866666913032532,
        0.54666668176651,
        0.5733333230018616,
        0.7333333492279053,
        0.7333333492279053,
        0.6800000071525574,
        0.6000000238418579,
        0.6399999856948853,
        0.6800000071525574,
        0.6000000238418579,
        0.5600000023841858,
        0.7333333492279053,
        0.6933333277702332,
        0.54666668176651,
        0.5600000023841858,
        0.6933333277702332,
        0.746666669845581,
        0.6266666650772095,
        0.6133333444595337,
        0.7866666913032532,
        0.6933333277702332,
        0.7866666913032532,
        0.7200000286102295,
        0.5600000023841858,
        0.5333333611488342,
        0.6933333277702332,
        0.7200000286102295,
        0.6933333277702332,
        0.5066666603088379,
        0.6000000238418579,
        0.7200000286102295,
        0.5733333230018616,
        0.7733333706855774,
        0.6533333659172058,
        0.48000001907348633,
        0.6533333659172058,
        0.7333333492279053,
        0.7733333706855774,
        0.8400000333786011,
        0.893333375453949,
        0.6666666865348816,
        0.7200000286102295,
        0.5733333230018616,
        0.6800000071525574,
        0.6266666650772095,
        0.7333333492279053,
        0.46666666865348816,
        0.6399999856948853,
        0.7200000286102295,
        0.6800000071525574,
        0.8799999952316284,
        0.5733333230018616,
        0.7066667079925537,
        0.800000011920929,
        0.6000000238418579,
        0.7866666913032532,
        0.7733333706855774,
        0.7866666913032532,
        0.7200000286102295,
        0.8133333325386047,
        0.7200000286102295,
        0.5600000023841858,
        0.5733333230018616,
        0.7066667079925537,
        0.5333333611488342,
        0.54666668176651,
        0.6000000238418579,
        0.5600000023841858,
        0.5733333230018616,
        0.6800000071525574,
        0.7599999904632568,
        0.4266666769981384,
        0.6800000071525574,
        0.5733333230018616,
        0.5866667032241821,
        0.7066667079925537,
        0.54666668176651
      ]
    },
    "protonets": {
      "mean": 0.8858666896820069,
      "std": 0.06333881191831452,
      "n": 100,
      "accs": [
        0.8266667127609253,
        0.893333375453949,
        0.9866666793823242,
        0.9200000166893005,
        0.8799999952316284,
        0.9333333373069763,
        0.9200000166893005,
        0.893333375453949,
        0.6933333277702332,
        0.9333333373069763,
        0.9333333373069763,
        0.9066666960716248,
        0.9600000381469727,
        0.8799999952316284,
        0.8266667127609253,
        0.800000011920929,
        0.9733333587646484,
        0.8400000333786011,
        0.8400000333786011,
        0.9466667175292969,
        0.9466667175292969,
        0.800000011920929,
        0.8533333539962769,
        0.9466667175292969,
        0.9066666960716248,
        0.7066667079925537,
        0.9600000381469727,
        0.9466667175292969,
        0.8799999952316284,
        0.893333375453949,
        0.8133333325386047,
        0.893333375453949,
        0.8666666746139526,
        0.800000011920929,
        0.9466667175292969,
        0.8400000333786011,
        0.8799999952316284,
        0.8400000333786011,
        0.9333333373069763,
        0.9066666960716248,
        0.9066666960716248,
        0.9200000166893005,
        0.9066666960716248,
        0.9066666960716248,
        0.8799999952316284,
        0.9466667175292969,
        0.8533333539962769,
        0.7866666913032532,
        0.8666666746139526,
        0.9600000381469727,
        0.8533333539962769,
        0.8533333539962769,
        0.9200000166893005,
        0.9066666960716248,
        0.9200000166893005,
        0.8799999952316284,
        0.9066666960716248,
        0.7866666913032532,
        0.9466667175292969,
        0.8666666746139526,
        0.9333333373069763,
        0.893333375453949,
        1.0,
        0.8266667127609253,
        0.9333333373069763,
        0.8799999952316284,
        0.9066666960716248,
        0.9333333373069763,
        0.9200000166893005,
        0.8666666746139526,
        0.7866666913032532,
        0.9466667175292969,
        0.9466667175292969,
        0.9600000381469727,
        0.9200000166893005,
        0.9066666960716248,
        0.800000011920929,
        0.8666666746139526,
        0.8533333539962769,
        0.9600000381469727,
        0.9066666960716248,
        0.893333375453949,
        0.9866666793823242,
        0.8133333325386047,
        0.9466667175292969,
        0.9066666960716248,
        0.9466667175292969,
        0.8533333539962769,
        0.8666666746139526,
        0.800000011920929,
        0.6933333277702332,
        0.9200000166893005,
        0.9200000166893005,
        0.9066666960716248,
        0.746666669845581,
        0.8533333539962769,
        0.9200000166893005,
        0.7333333492279053,
        0.8666666746139526,
        0.9466667175292969
      ]
    },
    "fractal": {
      "mean": 0.6984000149369239,
      "std": 0.10839893668286989,
      "n": 100,