{
  "config": {
    "mode": "FULL",
    "n_way": 5,
    "k_shot": 5,
    "n_query": 15,
    "n_seed_episodes": 200,
    "n_test_episodes": 100,
    "spawn_steps": 200,
    "protonet_iters": 3000,
    "context_k": 3,
    "probe_size": 100,
    "device": "cpu"
  },
  "summary": {
    "pixel_knn": {
      "mean": 0.6776000019907952,
      "std": 0.09065450987082063,
      "n": 100,
      "accs": [
        0.7333333492279053,
        0.6800000071525574,
        0.746666669845581,
        0.800000011920929,
        0.7599999904632568,
        0.6933333277702332,
        0.5733333230018616,
        0.7866666913032532,
        0.5733333230018616,
        0.7866666913032532,
        0.653333306312561,
        0.5600000023841858,
        0.6666666865348816,
        0.5866666436195374,
        0.4399999976158142,
        0.7599999904632568,
        0.6266666650772095,
        0.6933333277702332,
        0.5866666436195374,
        0.8533333539962769,
        0.7066666483879089,
        0.7599999904632568,
        0.6800000071525574,
        0.6800000071525574,
        0.54666668176651,
        0.5199999809265137,
        0.7200000286102295,
        0.54666668176651,
        0.5733333230018616,
        0.8799999952316284,
        0.54666668176651,
        0.7066666483879089,
        0.7733333110809326,
        0.8399999737739563,
        0.6133333444595337,
        0.653333306312561,
        0.7200000286102295,
        0.54666668176651,
        0.8133333325386047,
        0.746666669845581,
        0.6266666650772095,
        0.4933333396911621,
        0.7733333110809326,
        0.5600000023841858,
        0.6933333277702332,
        0.6800000071525574,
        0.6933333277702332,
        0.6800000071525574,
        0.7333333492279053,
        0.47999998927116394,
        0.7200000286102295,
        0.7599999904632568,
        0.800000011920929,
        0.7599999904632568,
        0.8666666746139526,
        0.653333306312561,
        0.6399999856948853,
        0.5733333230018616,
        0.5866666436195374,
        0.6000000238418579,
        0.7200000286102295,
        0.6800000071525574,
        0.6266666650772095,
        0.6266666650772095,
        0.7733333110809326,
        0.7866666913032532,
        0.7599999904632568,
        0.7200000286102295,
        0.6666666865348816,
        0.6800000071525574,
        0.5600000023841858,
        0.6800000071525574,
        0.7200000286102295,
        0.54666668176651,
        0.6133333444595337,
        0.6133333444595337,
        0.6266666650772095,
        0.746666669845581,
        0.800000011920929,
        0.6399999856948853,
        0.6933333277702332,
        0.6666666865348816,
        0.6133333444595337,
        0.6800000071525574,
        0.6800000071525574,
        0.5333333611488342,
        0.7066666483879089,
        0.4933333396911621,
        0.6800000071525574,
        0.746666669845581,
        0.7599999904632568,
        0.6399999856948853,
        0.6666666865348816,
        0.7200000286102295,
        0.6933333277702332,
        0.7866666913032532,
        0.7333333492279053,
        0.6933333277702332,
        0.7733333110809326,
        0.7066666483879089
      ]
    },
    "protonets": {
      "mean": 0.8998666661977768,
      "std": 0.06451170466977102,
      "n": 100,
      "accs": [
        0.8666666746139526,
        0.8133333325386047,
        1.0,
        0.9200000166893005,
        0.9599999785423279,
        0.9066666960716248,
        0.746666669845581,
        0.8933333158493042,
        0.9466666579246521,
        0.8266666531562805,
        0.9599999785423279,
        0.8399999737739563,
        0.8666666746139526,
        0.9599999785423279,
        0.9466666579246521,
        0.9333333373069763,
        0.8799999952316284,
        0.8799999952316284,
        0.9333333373069763,
        0.9599999785423279,
        0.9599999785423279,
        0.8799999952316284,
        0.9066666960716248,
        0.9200000166893005,
        0.8133333325386047,
        0.800000011920929,
        1.0,
        0.8933333158493042,
        0.7333333492279053,
        0.9599999785423279,
        0.9333333373069763,
        0.8799999952316284,
        0.8399999737739563,
        0.8666666746139526,
        0.800000011920929,
        0.8266666531562805,
        0.8799999952316284,
        0.9066666960716248,
        0.9466666579246521,
        0.9733333587646484,
        0.9200000166893005,
        0.9333333373069763,
        0.9599999785423279,
        0.9733333587646484,
        0.8666666746139526,
        0.8266666531562805,
        0.9599999785423279,
        0.8933333158493042,
        0.9733333587646484,
        0.7733333110809326,
        0.8933333158493042,
        0.8933333158493042,
        0.9733333587646484,
        0.9466666579246521,
        0.8933333158493042,
        0.9333333373069763,
        0.9200000166893005,
        0.9200000166893005,
        0.8533333539962769,
        0.8933333158493042,
        0.8933333158493042,
        0.9333333373069763,
        0.8266666531562805,
        0.9066666960716248,
        0.9733333587646484,
        0.746666669845581,
        0.9333333373069763,
        0.9066666960716248,
        0.9333333373069763,
        0.8399999737739563,
        0.9599999785423279,
        0.9200000166893005,
        0.9066666960716248,
        0.8933333158493042,
        0.9333333373069763,
        0.9066666960716248,
        0.9599999785423279,
        0.9466666579246521,
        1.0,
        0.9200000166893005,
        0.8933333158493042,
        0.9866666793823242,
        0.8933333158493042,
        0.8266666531562805,
        0.9599999785423279,
        0.8266666531562805,
        0.7333333492279053,
        0.9466666579246521,
        0.7866666913032532,
        0.9733333587646484,
        0.8933333158493042,
        0.6800000071525574,
        0.9333333373069763,
        0.9200000166893005,
        0.9733333587646484,
        0.9599999785423279,
        0.8799999952316284,
        0.8933333158493042,
        0.8799999952316284,
        0.9466666579246521
      ]
    },
    "fractal_vanilla": {
      "mean": 0.717866667509079,
      "std": 0.08242372864478995,
      "n": 100,