{
  "config": {
    "mode": "SMOKE",
    "n_tasks": 5,
    "classes_per_task": 10,
    "samples_per_class": 100,
    "n_epochs_per_task": 3,
    "batch_size": 64,
    "lr": 0.001,
    "device": "cpu"
  },
  "results": {
    "naive_sequential": {
      "per_stage": [
        [
          0.412,
          0.143,
          0.11,
          0.06,
          0.107
        ],
        [
          0.137,
          0.331,
          0.116,
          0.084,
          0.085
        ],
        [
          0.133,
          0.128,
          0.25,
          0.074,
          0.105
        ],
        [
          0.06,
          0.147,
          0.107,
          0.307,
          0.047
        ],
        [
          0.094,
          0.141,
          0.082,
          0.084,
          0.335
        ]
      ],
      "metrics": {
        "AA": 0.1472,
        "F": 0.31799999999999995,
        "final_accs_per_task": [
          0.094,
          0.141,
          0.082,
          0.084,
          0.335
        ],
        "task0_when_learned": 0.412,
        "task0_after_all": 0.094,
        "n_stages": 5
      }
    },
    "experience_replay": {
      "per_stage": [
        [
          0.412,
          0.143,
          0.11,
          0.06,
          0.107
        ],
        [
          0.18,
          0.341,
          0.089,
          0.095,
          0.059
        ],
        [
          0.241,
          0.211,
          0.236,
          0.079,
          0.08
        ],
        [
          0.158,
          0.199,
          0.175,
          0.297,
          0.061
        ],
        [
          0.183,
          0.167,
          0.118,
          0.141,
          0.33
        ]
      ],
      "metrics": {
        "AA": 0.18780000000000002,
        "F": 0.22899999999999998,
        "final_accs_per_task": [
          0.183,
          0.167,
          0.118,
          0.141,
          0.33
        ],
        "task0_when_learned": 0.412,
        "task0_after_all": 0.183,
        "n_stages": 5
      }
    },
    "fractaltrainer": {
      "per_stage": [
        [
          0.31,
          0.1,
          0.1,
          0.1,
          0.1
        ],
        [
          0.171,
          0.166,
          0.0,
          0.0,
          0.0
        ],
        [
          0.136,
          0.064,
          0.124,
          0.0,
          0.0
        ],
        [
          0.134,
          0.052,
          0.098,
          0.061,
          0.0
        ],
        [
          0.132,
          0.052,
          0.077,
          0.012,
          0.11
        ]
      ],
      "metrics": {
        "AA": 0.0766,
        "F": 0.178,
        "final_accs_per_task": [
          0.132,
          0.052,
          0.077,
          0.012,
          0.11
        ],
        "task0_when_learned": 0.31,
        "task0_after_all": 0.132,
        "n_stages": 5
      }
    },
    "joint_train": {
      "per_stage": [
        [
          0.162,
          0.154,
          0.166,
          0.173,
          0.297
        ]
      ],
      "metrics": {
        "AA": 0.19039999999999999,
        "F": 0.0,
        "final_accs_per_task": [
          0.162,
          0.154,
          0.166,
          0.173,
          0.297
        ],
        "n_stages": 1
      }
    }
  }
}