{
  "config": {
    "mode": "SMOKE",
    "n_way": 5,
    "k_shot": 5,
    "n_query": 15,
    "n_test_episodes": 10,
    "protonet_iters": 500,
    "spawn_steps": 100,
    "device": "cpu"
  },
  "summary": {
    "protonets": {
      "mean": 0.828000009059906,
      "std": 0.08185623982659403,
      "n": 10,
      "accs": [
        0.800000011920929,
        0.6800000071525574,
        0.9333333373069763,
        0.800000011920929,
        0.8799999952316284,
        0.9333333373069763,
        0.800000011920929,
        0.8266666531562805,
        0.9066666960716248,
        0.7200000286102295
      ]
    },
    "hybrid_softmax": {
      "mean": 0.7346666753292084,
      "std": 0.07313913345038589,
      "n": 10,
      "accs": [
        0.7599999904632568,
        0.6133333444595337,
        0.800000011920929,
        0.7333333492279053,
        0.7866666913032532,
        0.8266666531562805,
        0.6133333444595337,
        0.7866666913032532,
        0.6666666865348816,
        0.7599999904632568
      ]
    },
    "hybrid_prototype": {
      "mean": 0.828000009059906,
      "std": 0.08185623982659403,
      "n": 10,
      "accs": [
        0.800000011920929,
        0.6800000071525574,
        0.9333333373069763,
        0.800000011920929,
        0.8799999952316284,
        0.9333333373069763,
        0.800000011920929,
        0.8266666531562805,
        0.9066666960716248,
        0.7200000286102295
      ]
    }
  },
  "tests": {
    "hybrid_prototype_vs_protonets": {
      "delta": 0.0,
      "welch_t": 0.0,
      "welch_p": 1.0
    },
    "hybrid_prototype_vs_hybrid_softmax": {
      "delta": 0.09333333373069763,
      "welch_t": 2.550753734844828,
      "welch_p": 0.020197908656010687
    },
    "protonets_vs_hybrid_softmax": {
      "delta": 0.09333333373069763,
      "welch_t": 2.550753734844828,
      "welch_p": 0.020197908656010687
    }
  }
}