{
  "config": {
    "mode": "SMOKE",
    "n_test_episodes": 10,
    "protonet_iters": 500,
    "spawn_steps": 100,
    "conditions": [
      {
        "name": "strict_freeze",
        "fc1_frozen": true,
        "fc2_frozen": true,
        "encoder_lr": 0.0
      },
      {
        "name": "ft_fc2_low",
        "fc1_frozen": true,
        "fc2_frozen": false,
        "encoder_lr": 0.0001
      },
      {
        "name": "ft_fc2_mid",
        "fc1_frozen": true,
        "fc2_frozen": false,
        "encoder_lr": 0.001
      },
      {
        "name": "ft_all_low",
        "fc1_frozen": false,
        "fc2_frozen": false,
        "encoder_lr": 0.0001
      }
    ],
    "device": "cpu"
  },
  "summary": {
    "strict_freeze": {
      "mean": 0.7386666655540466,
      "std": 0.07452366316714658,
      "n": 10,
      "accs": [
        0.746666669845581,
        0.6133333444595337,
        0.7866666913032532,
        0.7200000286102295,
        0.8399999737739563,
        0.8399999737739563,
        0.6399999856948853,
        0.7599999904632568,
        0.6666666865348816,
        0.7733333110809326
      ]
    },
    "ft_fc2_low": {
      "mean": 0.7386666655540466,
      "std": 0.07332120276025901,
      "n": 10,
      "accs": [
        0.7733333110809326,
        0.6133333444595337,
        0.7866666913032532,
        0.7200000286102295,
        0.8266666531562805,
        0.8399999737739563,
        0.6399999856948853,
        0.746666669845581,
        0.6666666865348816,
        0.7733333110809326
      ]
    },
    "ft_fc2_mid": {
      "mean": 0.7386666715145112,
      "std": 0.07499926338964549,
      "n": 10,
      "accs": [
        0.800000011920929,
        0.6133333444595337,
        0.800000011920929,
        0.7333333492279053,
        0.8266666531562805,
        0.8133333325386047,
        0.6399999856948853,
        0.7200000286102295,
        0.653333306312561,
        0.7866666913032532
      ]
    },
    "ft_all_low": {
      "mean": 0.7519999980926514,
      "std": 0.07499925660789415,
      "n": 10,
      "accs": [
        0.8266666531562805,
        0.6000000238418579,
        0.8133333325386047,
        0.7599999904632568,
        0.8133333325386047,
        0.8266666531562805,
        0.653333306312561,
        0.746666669845581,
        0.6933333277702332,
        0.7866666913032532
      ]
    },
    "protonets": {
      "mean": 0.828000009059906,
      "std": 0.08185623982659403,
      "n": 10,
      "accs": [
        0.800000011920929,
        0.6800000071525574,
        0.9333333373069763,
        0.800000011920929,
        0.8799999952316284,
        0.9333333373069763,
        0.800000011920929,
        0.8266666531562805,
        0.9066666960716248,
        0.7200000286102295
      ]
    }
  },
  "tests": {
    "ft_fc2_low_vs_strict_freeze": {
      "delta": 0.0,
      "welch_t": 0.0,
      "welch_p": 1.0
    },
    "ft_fc2_mid_vs_strict_freeze": {
      "delta": 5.9604645663569045e-09,
      "welch_t": 1.6912444226325844e-07,
      "welch_p": 0.9999998669185822
    },
    "ft_all_low_vs_strict_freeze": {
      "delta": 0.013333332538604803,
      "welch_t": 0.3783249621903098,
      "welch_p": 0.7096142898245986
    },
    "ft_fc2_low_vs_protonets": {
      "delta": -0.08933334350585942,
      "welch_t": -2.43873903441065,
      "welch_p": 0.02546330547637454
    },
    "strict_freeze_vs_protonets": {
      "delta": -0.08933334350585942,
      "welch_t": -2.420984452606923,
      "welch_p": 0.026371033893718955
    }
  }
}